id,name,open,labeled,commented,closed
MDExOlB1bGxSZXF1ZXN0Mzg1Njc5MTI=,https://github.com/cucumber/godog/pull/7,2015-06-25T16:41:29Z,,,2015-06-25T18:25:35Z
MDExOlB1bGxSZXF1ZXN0Mzg3MTQ0OTU=,https://github.com/cucumber/godog/pull/10,2015-06-27T19:40:52Z,,,2015-06-27T20:47:34Z
MDExOlB1bGxSZXF1ZXN0NjA0MDkwNDY=,https://github.com/cucumber/godog/pull/16,2016-02-23T21:02:03Z,,2016-02-24T06:08:15Z,2016-02-24T06:07:33Z
MDExOlB1bGxSZXF1ZXN0NjEzOTUyNjQ=,https://github.com/cucumber/godog/pull/18,2016-03-02T12:50:43Z,,2016-03-02T12:55:23Z,2016-03-02T13:49:46Z
MDExOlB1bGxSZXF1ZXN0NzA5NzkwMjA=,https://github.com/cucumber/godog/pull/28,2016-05-22T14:54:07Z,,2016-11-22T19:19:28Z,2016-11-22T19:19:28Z
MDExOlB1bGxSZXF1ZXN0NzA5ODc0NjU=,https://github.com/cucumber/godog/pull/29,2016-05-22T20:30:17Z,,,2016-05-25T11:32:03Z
MDExOlB1bGxSZXF1ZXN0NzMwNTk5NTI=,https://github.com/cucumber/godog/pull/36,2016-06-08T14:45:58Z,,2016-06-08T18:40:39Z,2016-06-08T18:37:54Z
MDExOlB1bGxSZXF1ZXN0NzM0NTk5Nzg=,https://github.com/cucumber/godog/pull/38,2016-06-11T06:01:25Z,,2016-06-11T07:12:33Z,2016-06-11T07:12:25Z
MDExOlB1bGxSZXF1ZXN0NzM2NDA2Mzg=,https://github.com/cucumber/godog/pull/40,2016-06-13T20:48:07Z,,,2016-06-15T19:15:33Z
MDExOlB1bGxSZXF1ZXN0NzQwMzE1Nzk=,https://github.com/cucumber/godog/pull/41,2016-06-16T07:05:46Z,,2016-06-16T07:15:26Z,2016-06-16T07:15:20Z
MDExOlB1bGxSZXF1ZXN0NzQ4NjM1MzA=,https://github.com/cucumber/godog/pull/43,2016-06-22T21:47:05Z,,2016-06-22T21:53:39Z,2016-06-23T07:30:02Z
MDExOlB1bGxSZXF1ZXN0NzUzNjM1NDc=,https://github.com/cucumber/godog/pull/45,2016-06-27T19:10:34Z,,2016-06-27T20:13:11Z,2016-06-27T20:13:15Z
MDExOlB1bGxSZXF1ZXN0Nzc0NTYzODU=,https://github.com/cucumber/godog/pull/48,2016-07-14T13:31:47Z,,2016-07-14T13:40:48Z,2016-07-14T13:40:40Z
MDExOlB1bGxSZXF1ZXN0OTExODg4NDI=,https://github.com/cucumber/godog/pull/55,2016-10-27T12:17:54Z,,2016-10-27T14:50:42Z,2016-10-28T14:18:19Z
MDExOlB1bGxSZXF1ZXN0OTg2NzAzNDQ=,https://github.com/cucumber/godog/pull/57,2016-12-20T01:16:44Z,,2016-12-20T01:18:31Z,2017-01-16T12:18:09Z
MDExOlB1bGxSZXF1ZXN0MTAwMzQwMzIz,https://github.com/cucumber/godog/pull/59,2017-01-05T18:33:40Z,,2017-01-05T18:36:07Z,2017-01-05T18:44:36Z
MDExOlB1bGxSZXF1ZXN0MTAwMzQwOTI0,https://github.com/cucumber/godog/pull/60,2017-01-05T18:37:47Z,,2017-01-05T18:56:53Z,2017-01-16T11:53:36Z
MDExOlB1bGxSZXF1ZXN0MTAxNzQ1NzYz,https://github.com/cucumber/godog/pull/62,2017-01-16T19:24:51Z,,2017-01-16T19:27:01Z,2017-03-09T17:53:51Z
MDExOlB1bGxSZXF1ZXN0MTA4NTI5NTYy,https://github.com/cucumber/godog/pull/67,2017-03-01T12:39:38Z,,2017-03-02T14:04:27Z,2017-03-09T16:44:28Z
MDExOlB1bGxSZXF1ZXN0MTE1NDkzNTI0,https://github.com/cucumber/godog/pull/71,2017-04-12T08:57:08Z,,2017-04-12T09:57:50Z,2017-04-14T08:16:01Z
MDExOlB1bGxSZXF1ZXN0MTE3Mzg3NzI1,https://github.com/cucumber/godog/pull/76,2017-04-25T01:18:46Z,,2017-04-25T01:20:42Z,2017-04-27T14:13:04Z
MDExOlB1bGxSZXF1ZXN0MTE3OTg0NDk1,https://github.com/cucumber/godog/pull/79,2017-04-27T16:51:56Z,,2017-04-27T16:55:33Z,2017-04-29T20:12:29Z
MDExOlB1bGxSZXF1ZXN0MTE5MDk3MTg0,https://github.com/cucumber/godog/pull/82,2017-05-05T01:27:33Z,,2017-05-05T06:08:49Z,2017-05-05T20:21:32Z
MDExOlB1bGxSZXF1ZXN0MTE5MTgyNjc1,https://github.com/cucumber/godog/pull/83,2017-05-05T14:03:08Z,,2017-05-05T14:10Z,2020-02-27T17:37:58Z
MDExOlB1bGxSZXF1ZXN0MTE5MjgzNDU0,https://github.com/cucumber/godog/pull/84,2017-05-06T02:11:42Z,,2017-05-06T02:13:04Z,2017-05-06T08:56:04Z
MDExOlB1bGxSZXF1ZXN0MTU3Mjc5OTQ4,https://github.com/cucumber/godog/pull/109,2017-12-08T16:20:28Z,,2017-12-08T16:22:12Z,2017-12-08T20:18:22Z
MDExOlB1bGxSZXF1ZXN0MTU5MDU5MTI1,https://github.com/cucumber/godog/pull/111,2017-12-19T01:34:24Z,,2017-12-19T01:36:07Z,2017-12-19T07:13:22Z
MDExOlB1bGxSZXF1ZXN0MTcyNjMxMzI2,https://github.com/cucumber/godog/pull/116,2018-03-02T23:42:01Z,,2018-03-03T00:15:51Z,2018-03-04T03:48:28Z
MDExOlB1bGxSZXF1ZXN0MTcyNjgxODIw,https://github.com/cucumber/godog/pull/117,2018-03-03T18:55:53Z,,2018-03-03T18:58:54Z,2018-03-04T08:08:57Z
MDExOlB1bGxSZXF1ZXN0MTc4NTEzODg0,https://github.com/cucumber/godog/pull/123,2018-03-30T08:01:52Z,,2018-03-30T09:55:19Z,2018-03-30T09:55:26Z
MDExOlB1bGxSZXF1ZXN0MjE5MTU1Njkx,https://github.com/cucumber/godog/pull/138,2018-09-29T16:12:46Z,,2018-09-30T12:33:35Z,2018-10-04T12:47:43Z
MDExOlB1bGxSZXF1ZXN0MjIwMTQ0MDc0,https://github.com/cucumber/godog/pull/141,2018-10-03T18:58:10Z,,2018-10-03T19:00:59Z,2018-10-03T21:31:35Z
MDExOlB1bGxSZXF1ZXN0MjI1ODc1MTI3,https://github.com/cucumber/godog/pull/144,2018-10-25T19:23:29Z,,2018-10-25T19:27:54Z,2018-10-27T15:57:44Z
MDExOlB1bGxSZXF1ZXN0MjM5OTMxOTM0,https://github.com/cucumber/godog/pull/148,2018-12-19T18:23:21Z,,2018-12-19T18:27:55Z,2018-12-19T18:41:35Z
MDExOlB1bGxSZXF1ZXN0MjYxNDA0Nzcw,https://github.com/cucumber/godog/pull/163,2019-03-15T02:48:49Z,,2019-03-15T07:14:51Z,2019-03-15T07:14:57Z
MDExOlB1bGxSZXF1ZXN0MjY0NTcwNDE5,https://github.com/cucumber/godog/pull/168,2019-03-26T15:25:25Z,,2021-04-30T17:10:55Z,2021-04-30T17:10:55Z
MDExOlB1bGxSZXF1ZXN0MjcwMjcyMDI3,https://github.com/cucumber/godog/pull/171,2019-04-14T04:55:05Z,,2019-04-14T04:58:55Z,2019-04-15T11:53:05Z
MDExOlB1bGxSZXF1ZXN0MjgwNzg1NDg1,https://github.com/cucumber/godog/pull/174,2019-05-21T13:32:44Z,,2019-05-22T06:36:06Z,2020-02-10T05:21:58Z
MDExOlB1bGxSZXF1ZXN0MjgzMjIxMjk2,https://github.com/cucumber/godog/pull/176,2019-05-29T11:45:54Z,,2019-05-29T11:49:32Z,2019-05-29T13:35:10Z
MDExOlB1bGxSZXF1ZXN0MzEyOTY2NzMz,https://github.com/cucumber/godog/pull/190,2019-08-31T16:30:12Z,,2019-09-02T10:38:10Z,2019-09-02T10:38:10Z
MDExOlB1bGxSZXF1ZXN0MzEzMzQ5MzI3,https://github.com/cucumber/godog/pull/191,2019-09-02T19:05:19Z,,2019-12-20T09:12:16Z,2019-12-20T09:11:40Z
MDExOlB1bGxSZXF1ZXN0MzUzMzA1NTYx,https://github.com/cucumber/godog/pull/201,2019-12-15T19:20:46Z,,2019-12-15T19:23:27Z,2019-12-20T09:11:02Z
MDExOlB1bGxSZXF1ZXN0MzY0NTM4NTY3,https://github.com/cucumber/godog/pull/204,2020-01-19T14:14:11Z,,2020-01-19T14:16:49Z,2020-01-31T11:50:08Z
MDExOlB1bGxSZXF1ZXN0MzY0OTU4MzA4,https://github.com/cucumber/godog/pull/206,2020-01-20T18:30:20Z,,2020-01-31T11:52:25Z,2020-02-10T05:18:51Z
MDExOlB1bGxSZXF1ZXN0MzcyMTUzODYy,https://github.com/cucumber/godog/pull/209,2020-02-06T22:59:42Z,,2020-02-07T01:29:03Z,2020-02-07T19:25:13Z
MDExOlB1bGxSZXF1ZXN0MzcyMTU3NTI2,https://github.com/cucumber/godog/pull/210,2020-02-06T23:11:38Z,,2020-02-06T23:20:45Z,2020-02-07T21:34:07Z
MDExOlB1bGxSZXF1ZXN0MzcyNTczNzU4,https://github.com/cucumber/godog/pull/214,2020-02-07T19:50:26Z,,2020-02-07T21:48:43Z,2020-02-08T00:42:20Z
MDExOlB1bGxSZXF1ZXN0MzcyNzIzMDYz,https://github.com/cucumber/godog/pull/216,2020-02-08T14:59:37Z,,,2020-02-08T19:02:08Z
MDExOlB1bGxSZXF1ZXN0MzcyNzI0OTU5,https://github.com/cucumber/godog/pull/217,2020-02-08T15:16:55Z,,2020-02-08T19:03:17Z,2020-02-08T19:03:29Z
MDExOlB1bGxSZXF1ZXN0MzcyOTAzNzU2,https://github.com/cucumber/godog/pull/218,2020-02-10T01:36:13Z,,2020-02-10T05:15:11Z,2020-02-10T06:05:22Z
MDExOlB1bGxSZXF1ZXN0MzcyOTY2ODkw,https://github.com/cucumber/godog/pull/219,2020-02-10T06:45:54Z,,2020-02-10T06:47Z,2020-02-10T06:50:33Z
MDExOlB1bGxSZXF1ZXN0MzczMzk1NzAx,https://github.com/cucumber/godog/pull/220,2020-02-10T22:56:32Z,,2020-02-10T22:58:29Z,2020-02-11T17:10:40Z
MDExOlB1bGxSZXF1ZXN0MzczNTQ5OTA4,https://github.com/cucumber/godog/pull/223,2020-02-11T09:26:22Z,,2020-02-26T11:58:45Z,2020-02-26T11:58:48Z
MDExOlB1bGxSZXF1ZXN0MzczODA4MzQ5,https://github.com/cucumber/godog/pull/224,2020-02-11T18:16:59Z,,2020-02-11T18:21:23Z,2020-02-12T01:16:53Z
MDExOlB1bGxSZXF1ZXN0Mzc0MDQzOTkw,https://github.com/cucumber/godog/pull/225,2020-02-12T01:31:42Z,,2020-02-12T01:33:43Z,2020-02-12T08:00:25Z
MDExOlB1bGxSZXF1ZXN0Mzc1NTQ4MDE2,https://github.com/cucumber/godog/pull/227,2020-02-14T19:51:17Z,,2020-02-14T20:12:33Z,2020-02-29T19:56:01Z
MDExOlB1bGxSZXF1ZXN0MzgwNDU2MTU5,https://github.com/cucumber/godog/pull/232,2020-02-26T19:16:01Z,,2020-02-26T19:18:41Z,2020-02-27T17:35:27Z
MDExOlB1bGxSZXF1ZXN0MzgwOTg4MjI2,https://github.com/cucumber/godog/pull/234,2020-02-27T17:50:02Z,,,2020-02-27T17:58:45Z
MDExOlB1bGxSZXF1ZXN0MzgwOTkyMDM1,https://github.com/cucumber/godog/pull/235,2020-02-27T17:59:06Z,,2020-02-27T18:31:44Z,2020-02-27T18:36:44Z
MDExOlB1bGxSZXF1ZXN0MzgxNTE1NTE5,https://github.com/cucumber/godog/pull/236,2020-02-28T17:48:11Z,,2020-02-28T18:07:36Z,2020-03-06T13:34:39Z
MDExOlB1bGxSZXF1ZXN0MzgxODU4MzI5,https://github.com/cucumber/godog/pull/238,2020-02-29T14:25:39Z,,2020-02-29T14:27:16Z,2020-02-29T15:12:57Z
MDExOlB1bGxSZXF1ZXN0MzgxOTA1MDM5,https://github.com/cucumber/godog/pull/239,2020-02-29T17:55:46Z,,2020-02-29T17:56:45Z,2020-02-29T18:29:40Z
MDExOlB1bGxSZXF1ZXN0MzgxOTI5NzI2,https://github.com/cucumber/godog/pull/240,2020-02-29T19:02:32Z,,2020-02-29T19:55:45Z,2020-03-05T20:52:18Z
MDExOlB1bGxSZXF1ZXN0MzgyNjAxMTYw,https://github.com/cucumber/godog/pull/241,2020-03-02T20:50:48Z,,,2020-03-02T20:51:13Z
MDExOlB1bGxSZXF1ZXN0MzgzMTIxMjA3,https://github.com/cucumber/godog/pull/242,2020-03-03T19:02:14Z,,2020-03-03T19:07:28Z,2020-03-03T19:07:25Z
MDExOlB1bGxSZXF1ZXN0Mzg0NTM1OTUz,https://github.com/cucumber/godog/pull/245,2020-03-05T22:37:55Z,,2020-03-05T22:39:45Z,2020-03-05T22:42:13Z
MDExOlB1bGxSZXF1ZXN0Mzg0ODIzNjA5,https://github.com/cucumber/godog/pull/246,2020-03-06T13:34:18Z,,2020-03-06T17:03:26Z,2020-03-10T10:43:53Z
MDExOlB1bGxSZXF1ZXN0Mzg0OTA4ODgz,https://github.com/cucumber/godog/pull/247,2020-03-06T16:24:48Z,,2020-03-06T17:10:41Z,2020-03-09T19:58:39Z
MDExOlB1bGxSZXF1ZXN0Mzg1NTQxMTcx,https://github.com/cucumber/godog/pull/250,2020-03-09T11:57:29Z,,2020-03-09T11:59:14Z,2020-03-09T12:45:22Z
MDExOlB1bGxSZXF1ZXN0Mzg1NzI1NDY1,https://github.com/cucumber/godog/pull/251,2020-03-09T17:40:29Z,,2020-03-09T17:42:16Z,2020-03-09T18:00:42Z
MDExOlB1bGxSZXF1ZXN0Mzg3NDAwMjE3,https://github.com/cucumber/godog/pull/258,2020-03-12T18:17:22Z,,2020-03-12T18:19:29Z,2020-03-13T17:48:59Z
MDExOlB1bGxSZXF1ZXN0Mzg3OTA2Mjk3,https://github.com/cucumber/godog/pull/259,2020-03-13T17:56:16Z,,2020-03-24T09:26:46Z,2020-03-24T14:49:51Z
MDExOlB1bGxSZXF1ZXN0Mzg3OTI3MzMw,https://github.com/cucumber/godog/pull/260,2020-03-13T18:51:27Z,,2020-03-13T18:52:19Z,2020-03-24T09:06:48Z
MDExOlB1bGxSZXF1ZXN0Mzg5MDk3ODg1,https://github.com/cucumber/godog/pull/263,2020-03-16T09:24:48Z,,2020-03-16T09:28:39Z,2020-03-16T10:44:54Z
MDExOlB1bGxSZXF1ZXN0Mzg5MTYxMTI0,https://github.com/cucumber/godog/pull/264,2020-03-16T11:15:04Z,,2020-03-16T11:16:44Z,2020-03-16T12:34:25Z
MDExOlB1bGxSZXF1ZXN0Mzg5MTYyNTIy,https://github.com/cucumber/godog/pull/265,2020-03-16T11:17:41Z,,,2020-03-16T12:24:41Z
MDExOlB1bGxSZXF1ZXN0Mzg5MjAxNzAw,https://github.com/cucumber/godog/pull/266,2020-03-16T12:26:03Z,,,2020-03-16T12:27:07Z
MDExOlB1bGxSZXF1ZXN0MzkyMDM5MDMz,https://github.com/cucumber/godog/pull/268,2020-03-22T17:08:37Z,,,2020-03-23T10:05:39Z
MDExOlB1bGxSZXF1ZXN0MzkyNDkwODQ1,https://github.com/cucumber/godog/pull/270,2020-03-23T16:25:58Z,,2020-03-23T16:27:17Z,2020-03-23T16:27:23Z
MDExOlB1bGxSZXF1ZXN0MzkyODY1MjIy,https://github.com/cucumber/godog/pull/271,2020-03-24T09:06:28Z,,2020-03-24T09:07:55Z,2020-03-24T09:59:14Z
MDExOlB1bGxSZXF1ZXN0MzkyOTA5OTAw,https://github.com/cucumber/godog/pull/272,2020-03-24T10:39:08Z,,2020-03-24T10:40:13Z,2020-03-25T07:27:58Z
MDExOlB1bGxSZXF1ZXN0MzkzNDMwMDM5,https://github.com/cucumber/godog/pull/273,2020-03-25T07:36:01Z,,2020-03-25T07:37:05Z,2020-03-26T11:20:33Z
MDExOlB1bGxSZXF1ZXN0MzkzNDMwMzE1,https://github.com/cucumber/godog/pull/274,2020-03-25T07:36:47Z,,2020-03-25T07:36:58Z,2020-03-26T11:14:13Z
MDExOlB1bGxSZXF1ZXN0MzkzNDMwNDM4,https://github.com/cucumber/godog/pull/275,2020-03-25T07:37:07Z,,2020-03-26T11:06:13Z,2020-03-26T11:07:47Z
MDExOlB1bGxSZXF1ZXN0MzkzNzI0NDI1,https://github.com/cucumber/godog/pull/276,2020-03-25T17:27:54Z,,2020-03-25T17:29:26Z,2021-07-19T19:06:05Z
MDExOlB1bGxSZXF1ZXN0Mzk0MTE3NjE0,https://github.com/cucumber/godog/pull/278,2020-03-26T11:40:35Z,,2020-03-26T11:42:15Z,2020-03-26T11:44:48Z
MDExOlB1bGxSZXF1ZXN0NDExMjgwMDk5,https://github.com/cucumber/godog/pull/288,2020-04-30T09:16:04Z,,2020-04-30T09:17:45Z,2020-04-30T12:30:32Z
MDExOlB1bGxSZXF1ZXN0NDEyNDc3OTY2,https://github.com/cucumber/godog/pull/289,2020-05-02T16:52:52Z,,2020-05-02T16:53:48Z,2020-05-03T06:04:37Z
MDExOlB1bGxSZXF1ZXN0NDEyNTcxOTM0,https://github.com/cucumber/godog/pull/290,2020-05-03T09:01:28Z,,2020-05-03T09:02:46Z,2020-05-05T05:29:26Z
MDExOlB1bGxSZXF1ZXN0NDE2OTkyMDA1,https://github.com/cucumber/godog/pull/292,2020-05-12T21:54:56Z,,,2020-05-12T21:55:20Z
MDExOlB1bGxSZXF1ZXN0NDE4OTMyOTY5,https://github.com/cucumber/godog/pull/293,2020-05-16T08:07:41Z,,,2020-05-17T06:37:38Z
MDExOlB1bGxSZXF1ZXN0NDE5MDIxNTg2,https://github.com/cucumber/godog/pull/294,2020-05-16T20:54:19Z,,2020-05-16T20:55:14Z,2020-05-22T20:44:55Z
MDExOlB1bGxSZXF1ZXN0NDIxODM0MjA2,https://github.com/cucumber/godog/pull/295,2020-05-22T10:09:36Z,,2020-05-22T10:53:50Z,2020-05-23T06:04:29Z
MDExOlB1bGxSZXF1ZXN0NDIxODc5NDE3,https://github.com/cucumber/godog/pull/296,2020-05-22T11:56:35Z,,2020-05-22T11:57:47Z,2020-05-22T11:58:19Z
MDExOlB1bGxSZXF1ZXN0NDIyMjMxNDgz,https://github.com/cucumber/godog/pull/297,2020-05-23T06:37:16Z,,2020-05-23T06:38:21Z,2020-05-23T07:02:21Z
MDExOlB1bGxSZXF1ZXN0NDIyMzg3ODA4,https://github.com/cucumber/godog/pull/298,2020-05-24T09:36:58Z,,2020-05-24T09:38:15Z,2020-05-27T07:40:08Z
MDExOlB1bGxSZXF1ZXN0NDIyMzg3OTU1,https://github.com/cucumber/godog/pull/299,2020-05-24T09:38:32Z,,2020-06-05T10:45:32Z,2020-06-05T10:45:49Z
MDExOlB1bGxSZXF1ZXN0NDI5MTk5Njc5,https://github.com/cucumber/godog/pull/300,2020-06-06T13:22:17Z,,2020-06-06T13:30:55Z,2020-06-06T13:44:45Z
MDExOlB1bGxSZXF1ZXN0NDI5MjE0MTI3,https://github.com/cucumber/godog/pull/301,2020-06-06T13:51:02Z,,2020-06-06T14:00:30Z,2020-06-06T16:24:11Z
MDExOlB1bGxSZXF1ZXN0NDI5ODA1NTky,https://github.com/cucumber/godog/pull/302,2020-06-07T06:59:58Z,,2020-06-07T07:01:14Z,2020-06-10T19:44:45Z
MDExOlB1bGxSZXF1ZXN0NDMwMDYyMDY5,https://github.com/cucumber/godog/pull/303,2020-06-07T13:20:39Z,,2020-06-07T13:37:30Z,2020-06-07T13:38:43Z
MDExOlB1bGxSZXF1ZXN0NDMxNzI1MzUz,https://github.com/cucumber/godog/pull/304,2020-06-09T11:29:16Z,,2020-06-09T11:30:20Z,2020-06-09T19:51Z
MDExOlB1bGxSZXF1ZXN0NDMyMzg4OTEy,https://github.com/cucumber/godog/pull/305,2020-06-10T11:22:41Z,,2020-06-10T11:42:06Z,2020-06-13T04:43:17Z
MDExOlB1bGxSZXF1ZXN0NDMzOTU4NDE5,https://github.com/cucumber/godog/pull/306,2020-06-13T04:45:54Z,,2020-06-13T04:50:15Z,2020-06-13T07:18:19Z
MDExOlB1bGxSZXF1ZXN0NDMzOTcxMzQw,https://github.com/cucumber/godog/pull/307,2020-06-13T07:21:38Z,,2020-06-13T07:23:29Z,2020-06-13T07:25:46Z
MDExOlB1bGxSZXF1ZXN0NDMzOTc4NDM1,https://github.com/cucumber/godog/pull/308,2020-06-13T08:36:24Z,,2020-06-13T08:36:35Z,2020-06-13T08:45:02Z
MDExOlB1bGxSZXF1ZXN0NDM0MTAzOTg0,https://github.com/cucumber/godog/pull/309,2020-06-14T06:50:30Z,,2020-06-14T06:51:55Z,2020-06-14T06:53:29Z
MDExOlB1bGxSZXF1ZXN0NDM0MTA5MTk4,https://github.com/cucumber/godog/pull/310,2020-06-14T07:50:17Z,,2020-06-14T07:51:44Z,2020-06-14T10:12:49Z
MDExOlB1bGxSZXF1ZXN0NDM0MTYyNzU4,https://github.com/cucumber/godog/pull/311,2020-06-14T15:42:26Z,,2020-06-14T17:09:23Z,2020-06-15T05:10:22Z
MDExOlB1bGxSZXF1ZXN0NDM3NDQyNzgx,https://github.com/cucumber/godog/pull/312,2020-06-20T18:06:57Z,,2020-06-20T18:08:08Z,2020-06-20T21:03:04Z
MDExOlB1bGxSZXF1ZXN0NDM3NDU5MDY5,https://github.com/cucumber/godog/pull/313,2020-06-20T20:50:47Z,,2020-06-20T20:52:12Z,2020-06-25T06:24:17Z
MDExOlB1bGxSZXF1ZXN0NDM3NDYxNjkw,https://github.com/cucumber/godog/pull/314,2020-06-20T21:18:41Z,,2020-06-20T21:20:18Z,2020-06-20T21:20:30Z
MDExOlB1bGxSZXF1ZXN0NDM3NTE2OTY0,https://github.com/cucumber/godog/pull/315,2020-06-21T08:55:51Z,,2020-06-21T09:14:23Z,2020-06-23T18:33:15Z
MDExOlB1bGxSZXF1ZXN0NDM3NTMxOTY0,https://github.com/cucumber/godog/pull/317,2020-06-21T11:28:20Z,,2020-06-21T11:34:06Z,2020-06-21T19:22:13Z
MDExOlB1bGxSZXF1ZXN0NDQwOTI0NzM2,https://github.com/cucumber/godog/pull/321,2020-06-27T15:18:08Z,,2020-06-27T15:38:36Z,2020-10-08T16:35:07Z
MDExOlB1bGxSZXF1ZXN0NDQwOTM2Mjg2,https://github.com/cucumber/godog/pull/322,2020-06-27T16:59:40Z,,2020-06-27T17:07:50Z,2020-06-29T06:36:34Z
MDExOlB1bGxSZXF1ZXN0NDQwOTYzNjQ4,https://github.com/cucumber/godog/pull/323,2020-06-27T21:19:22Z,,2020-06-28T07:10:49Z,2020-07-05T16:14:54Z
MDExOlB1bGxSZXF1ZXN0NDQyMjgzMDYx,https://github.com/cucumber/godog/pull/326,2020-06-30T20:44:23Z,,2020-06-30T20:49:50Z,2020-07-01T05:13:38Z
MDExOlB1bGxSZXF1ZXN0NDQyNDU0NjQ3,https://github.com/cucumber/godog/pull/327,2020-07-01T05:37:22Z,,2020-07-01T05:38:47Z,2020-07-02T06:21:59Z
MDExOlB1bGxSZXF1ZXN0NDQ0NDMxMzY2,https://github.com/cucumber/godog/pull/329,2020-07-05T16:41:29Z,,2020-07-05T16:43:02Z,2020-07-07T06:10:18Z
MDExOlB1bGxSZXF1ZXN0NDQ0OTI3MTA3,https://github.com/cucumber/godog/pull/330,2020-07-06T18:09:29Z,,2020-07-06T18:39:27Z,2020-07-07T15:26:12Z
MDExOlB1bGxSZXF1ZXN0NDQ2NDQ1ODUx,https://github.com/cucumber/godog/pull/331,2020-07-08T19:40:49Z,,2020-07-08T19:48:43Z,2020-07-09T12:26:16Z
MDExOlB1bGxSZXF1ZXN0NDQ3NzQwODEz,https://github.com/cucumber/godog/pull/332,2020-07-11T08:41:04Z,,2020-07-11T08:44:30Z,2020-07-14T16:40:24Z
MDExOlB1bGxSZXF1ZXN0NDUwOTc1MzAx,https://github.com/cucumber/godog/pull/333,2020-07-17T09:49:12Z,,2020-07-17T12:56:25Z,2020-07-25T12:37:41Z
MDExOlB1bGxSZXF1ZXN0NTAwNDEwNTg1,https://github.com/cucumber/godog/pull/347,2020-10-09T07:44:03Z,,2020-10-09T07:45:51Z,2020-10-12T07:13:45Z
MDExOlB1bGxSZXF1ZXN0NTAwNDY0MDQy,https://github.com/cucumber/godog/pull/349,2020-10-09T09:26:44Z,,2020-10-09T09:31:29Z,2020-10-12T07:14:15Z
MDExOlB1bGxSZXF1ZXN0NTAxNzg3MDAz,https://github.com/cucumber/godog/pull/350,2020-10-12T20:08:36Z,,2020-10-12T20:12:52Z,2020-10-14T06:39:15Z
MDExOlB1bGxSZXF1ZXN0NTAyNjIyODc4,https://github.com/cucumber/godog/pull/352,2020-10-13T17:43:10Z,,2020-10-13T18:06:49Z,2020-10-14T07:57:07Z
MDExOlB1bGxSZXF1ZXN0NTAyNzA5MTM3,https://github.com/cucumber/godog/pull/353,2020-10-13T19:01:51Z,,2020-10-13T19:04:07Z,2020-10-14T05:30:46Z
MDExOlB1bGxSZXF1ZXN0NTAzMTkyNDg4,https://github.com/cucumber/godog/pull/354,2020-10-14T08:08:33Z,,2020-10-14T08:10:11Z,2020-10-14T08:39:02Z
MDExOlB1bGxSZXF1ZXN0NTA0MTk1MTQ4,https://github.com/cucumber/godog/pull/355,2020-10-15T15:34:39Z,,2020-10-15T15:36:08Z,2020-10-19T17:02:11Z
MDExOlB1bGxSZXF1ZXN0NTA4ODg5MzAw,https://github.com/cucumber/godog/pull/356,2020-10-23T11:02:05Z,,2020-10-23T11:03:17Z,2020-11-26T10:43:42Z
MDExOlB1bGxSZXF1ZXN0NTI2NzA0MTU1,https://github.com/cucumber/godog/pull/359,2020-11-24T19:25:31Z,,2020-11-24T19:27:35Z,2020-11-26T12:47:48Z
MDExOlB1bGxSZXF1ZXN0NTMyNzE5MTYz,https://github.com/cucumber/godog/pull/361,2020-12-04T18:49:08Z,,,2021-01-14T19:29:17Z
MDExOlB1bGxSZXF1ZXN0NTMzMDE5NjQx,https://github.com/cucumber/godog/pull/362,2020-12-05T13:44:54Z,,2020-12-05T13:45:14Z,2020-12-05T14:29:40Z
MDExOlB1bGxSZXF1ZXN0NTMzMDg4MDIw,https://github.com/cucumber/godog/pull/363,2020-12-05T20:31:03Z,,2020-12-05T20:33:28Z,2021-01-12T19:21:22Z
MDExOlB1bGxSZXF1ZXN0NTM1ODczODMy,https://github.com/cucumber/godog/pull/364,2020-12-10T11:39:13Z,2020-12-10T11:39:13Z,2020-12-10T13:26:50Z,2021-07-22T18:59:48Z
MDExOlB1bGxSZXF1ZXN0NTQwMzYyODc3,https://github.com/cucumber/godog/pull/366,2020-12-15T16:09:36Z,,2020-12-15T16:10:42Z,2020-12-16T12:22:12Z
MDExOlB1bGxSZXF1ZXN0NTYyNzA2MDYw,https://github.com/cucumber/godog/pull/372,2021-01-27T18:28:39Z,,2021-02-08T13:35:37Z,
MDExOlB1bGxSZXF1ZXN0NTcwMzg0MzYy,https://github.com/cucumber/godog/pull/374,2021-02-09T15:24:57Z,,2021-02-09T15:26:28Z,2021-03-16T20:38:18Z
MDExOlB1bGxSZXF1ZXN0NTg4MzU4MDM1,https://github.com/cucumber/godog/pull/379,2021-03-09T17:38:46Z,,2021-03-09T17:39:48Z,2021-03-16T08:42:22Z
MDExOlB1bGxSZXF1ZXN0NTg4NDgxOTI4,https://github.com/cucumber/godog/pull/380,2021-03-09T19:03:28Z,,2021-03-09T19:12:53Z,2021-03-16T08:40:37Z
MDExOlB1bGxSZXF1ZXN0NTkzNjcwNTc1,https://github.com/cucumber/godog/pull/384,2021-03-16T08:02:32Z,,2021-03-16T08:03:37Z,2021-03-16T08:38:01Z
MDExOlB1bGxSZXF1ZXN0NjUxNTAxNzYz,https://github.com/cucumber/godog/pull/390,2021-05-24T17:31:57Z,,2021-06-07T09:47:29Z,2021-07-09T18:07:13Z
MDExOlB1bGxSZXF1ZXN0NjU3NzU2ODUx,https://github.com/cucumber/godog/pull/391,2021-05-30T17:20:31Z,,2021-05-30T17:21:38Z,2021-07-13T06:14:49Z
MDExOlB1bGxSZXF1ZXN0NjU3Nzk2MTEw,https://github.com/cucumber/godog/pull/392,2021-05-30T20:15:48Z,,2021-05-30T20:17:04Z,2021-07-07T15:32:59Z
MDExOlB1bGxSZXF1ZXN0Njc5MTkxNDM2,https://github.com/cucumber/godog/pull/402,2021-06-28T16:26:06Z,,2021-06-28T16:31:08Z,2021-07-05T19:18:06Z
MDExOlB1bGxSZXF1ZXN0Njg1MzM0Mjk4,https://github.com/cucumber/godog/pull/404,2021-07-07T16:17:22Z,,2021-07-07T17:37:56Z,2021-07-09T14:18:17Z
MDExOlB1bGxSZXF1ZXN0NjkyNzQ3MjIw,https://github.com/cucumber/godog/pull/407,2021-07-19T16:18:01Z,,2021-07-19T16:19:55Z,2021-07-19T17:57:23Z
MDExOlB1bGxSZXF1ZXN0Njk1MjAxODQy,https://github.com/cucumber/godog/pull/408,2021-07-22T13:50:20Z,,2021-07-22T14:29:52Z,2021-07-22T19:01:42Z
MDExOlB1bGxSZXF1ZXN0Njk1ODcxMTM2,https://github.com/cucumber/godog/pull/409,2021-07-23T11:26:38Z,,2021-07-23T11:27:15Z,2021-08-03T15:48:06Z
MDExOlB1bGxSZXF1ZXN0Njk4NDk5OTc1,https://github.com/cucumber/godog/pull/411,2021-07-28T09:02:12Z,,2021-07-28T09:05:46Z,2021-07-29T08:27Z
MDExOlB1bGxSZXF1ZXN0NzAyNDExNDY5,https://github.com/cucumber/godog/pull/412,2021-08-03T16:06:28Z,,2021-08-03T16:11:40Z,2021-08-03T16:54:02Z
MDExOlB1bGxSZXF1ZXN0NzA1MTMyNDY4,https://github.com/cucumber/godog/pull/413,2021-08-06T01:53:19Z,,2021-08-06T01:55:26Z,
MDExOlB1bGxSZXF1ZXN0NzA1OTQyNTg4,https://github.com/cucumber/godog/pull/414,2021-08-07T20:34:25Z,,2021-08-07T20:35:23Z,2021-08-07T20:37:32Z
MDExOlB1bGxSZXF1ZXN0NzA1OTQ1OTI4,https://github.com/cucumber/godog/pull/415,2021-08-07T21:07:01Z,,,2021-08-07T21:07:37Z
MDExOlB1bGxSZXF1ZXN0NzA1OTU0Nzkx,https://github.com/cucumber/godog/pull/416,2021-08-07T22:50:33Z,,2021-08-07T22:51:15Z,2021-08-09T06:51:27Z
MDExOlB1bGxSZXF1ZXN0NzA2MTAxNzc0,https://github.com/cucumber/godog/pull/417,2021-08-08T20:25:40Z,,2021-08-08T20:26:28Z,2021-08-08T20:42:41Z
